player,season,weeks_played,avg_hits,min_hits,max_hits,std_hits,p_hit_all_weeks,p_hit_half_or_more
A.J. Brown,2019,6,4.026,4,5,0.15913516267626082,0.0,1.0
A.J. Brown,2020,9,5.665,4,8,0.6486717197473618,0.0,1.0
A.J. Brown,2021,7,4.092,3,5,0.4511496425799316,0.0,1.0
A.J. Brown,2022,13,8.796,6,11,0.9830483202772893,0.0,1.0
A.J. Brown,2023,13,8.783,6,11,0.8797221152159356,0.0,1.0
A.J. Brown,2024,8,4.966,3,8,0.8583961789290537,0.001,0.969
A.J. Green,2017,11,5.115,3,8,0.7885271079677604,0.0,0.781
A.J. Green,2018,5,3.898,2,5,0.718050137525229,0.186,1.0
A.J. Green,2020,8,2.347,1,4,0.6249727994081022,0.0,0.007
A.J. Green,2021,7,1.014,0,2,0.14072668545801825,0.0,0.0
A.J. Green,2022,3,1.0,1,1,0.0,0.0,1.0
Adam Humphries,2017,5,1.957,1,3,0.20772818778394037,0.0,0.956
Adam Humphries,2018,11,3.937,2,6,0.33916220308283174,0.0,0.024
Adam Humphries,2019,3,0.0,0,0,0.0,0.0,0.0
Adam Humphries,2020,1,0.986,0,1,0.11749042514179613,0.986,1.0
Adam Humphries,2021,3,0.015,0,1,0.1215524578114322,0.0,0.015
Adam Thielen,2017,12,4.611,3,7,0.6630829510702262,0.0,0.094
Adam Thielen,2018,11,7.714,6,11,0.9665422908491901,0.002,1.0
Adam Thielen,2019,3,1.816,1,2,0.3874841932259947,0.0,1.0
Adam Thielen,2020,8,6.701,5,7,0.47074302968817283,0.0,1.0
Adam Thielen,2021,5,2.998,2,4,0.1673200525938239,0.0,1.0
Adam Thielen,2022,10,2.675,1,4,0.5397916264633974,0.0,0.0
Adam Thielen,2023,13,2.201,2,4,0.42731604229188497,0.0,0.0
Adam Thielen,2024,6,2.686,2,4,0.6491563756137653,0.0,0.583
Adonai Mitchell,2024,2,0.008,0,1,0.08908422980528033,0.0,0.008
Albert Wilson,2017,5,1.724,1,3,0.46024341385836254,0.0,0.718
Albert Wilson,2018,3,1.0,1,1,0.0,0.0,1.0
Albert Wilson,2019,6,0.082,0,1,0.2743647207641682,0.0,0.0
Albert Wilson,2021,2,0.994,0,1,0.07722693830523131,0.0,0.994
Aldrick Robinson,2017,2,1.0,1,1,0.0,0.0,1.0
Aldrick Robinson,2018,1,0.0,0,0,0.0,0.0,1.0
Alec Pierce,2022,6,1.8,1,3,0.4494441010848847,0.0,0.021
Alec Pierce,2023,6,1.0,1,1,0.0,0.0,0.0
Alec Pierce,2024,4,2.004,1,3,0.08935323161475471,0.0,0.998
Alex Erickson,2018,2,0.0,0,0,0.0,0.0,0.0
Alex Erickson,2019,8,1.581,1,3,0.4974324074685927,0.0,0.0
Alex Erickson,2020,1,0.679,0,1,0.4668607929565301,0.679,1.0
Alex Erickson,2023,3,0.922,0,1,0.26817158686184484,0.0,0.922
Allen Hurns,2017,4,0.546,0,2,0.5018804638556874,0.0,0.002
Allen Hurns,2018,3,0.008,0,1,0.08908422980528034,0.0,0.008
Allen Hurns,2019,3,0.963,0,1,0.18876175460087244,0.0,0.963
Allen Lazard,2019,3,0.998,0,1,0.044676615807377355,0.0,0.998
Allen Lazard,2020,2,0.018,0,1,0.132951118836962,0.0,0.018
Allen Lazard,2021,6,4.178,3,5,0.42932039317973236,0.0,1.0
Allen Lazard,2022,8,2.258,0,4,0.5209952015134112,0.0,0.021
Allen Lazard,2023,4,0.0,0,0,0.0,0.0,0.0
Allen Lazard,2024,4,1.117,1,2,0.32142028560748925,0.0,0.117
Allen Robinson,2018,8,1.879,1,3,0.3719663963317117,0.0,0.0
Allen Robinson,2019,13,5.997,5,8,0.37814150790411777,0.0,0.928
Allen Robinson,2020,11,4.898,3,8,0.6997113690658455,0.0,0.722
Allen Robinson,2021,4,0.003,0,1,0.054690035655501276,0.0,0.0
Allen Robinson,2022,7,1.19,0,2,0.5309425580983314,0.0,0.0
Allen Robinson,2023,1,0.0,0,0,0.0,0.0,1.0
Alshon Jeffery,2017,10,4.67,3,7,0.9138380600522175,0.0,0.568
Alshon Jeffery,2018,9,3.234,1,5,0.6879273217426388,0.0,0.366
Alshon Jeffery,2019,5,1.977,1,2,0.14990330216509576,0.0,0.977
Amari Cooper,2017,7,2.05,2,3,0.21794494717703364,0.0,0.05
Amari Cooper,2018,10,3.948,3,5,0.2670131082924582,0.0,0.011
Amari Cooper,2019,10,4.684,3,7,0.6527970588169036,0.0,0.597
Amari Cooper,2020,9,4.379,2,7,0.6966771131593171,0.0,0.912
Amari Cooper,2021,8,2.835,1,4,0.42399882075307715,0.0,0.019
Amari Cooper,2022,9,3.525,2,5,0.6287885177068677,0.0,0.468
Amari Cooper,2023,12,3.713,3,6,0.6990214588980799,0.0,0.007
Amari Cooper,2024,4,0.165,0,1,0.37118054905934933,0.0,0.0
Amari Rodgers,2022,1,1.0,1,1,0.0,1.0,1.0
Andrei Iosivas,2023,2,1.0,1,1,0.0,0.0,1.0
Andrei Iosivas,2024,1,0.0,0,0,0.0,0.0,1.0
Andy Isabella,2020,2,0.0,0,0,0.0,0.0,0.0
Andy Jones,2018,2,0.001,0,1,0.031606961258558226,0.0,0.001
Anthony Miller,2018,4,1.961,1,2,0.19359493795035035,0.0,0.961
Anthony Miller,2019,6,2.022,2,3,0.14668333238647124,0.0,0.022
Anthony Miller,2020,7,0.002,0,1,0.044676615807377355,0.0,0.0
Antoine Wesley,2021,1,0.0,0,0,0.0,0.0,1.0
Antonio Brown,2017,10,7.39,6,10,0.5932115979985557,0.002,1.0
Antonio Brown,2018,12,9.729,7,12,0.7067948783062877,0.002,1.0
Antonio Brown,2020,3,1.058,0,2,0.2379831926838532,0.0,0.999
Antonio Brown,2021,4,2.418,1,3,0.4972685391214691,0.0,0.998
Antonio Callaway,2018,9,2.676,1,5,0.6877674025424584,0.0,0.123
Antonio Callaway,2019,1,0.0,0,0,0.0,0.0,1.0
Auden Tate,2019,7,0.25,0,2,0.4685082710048991,0.0,0.0
Auden Tate,2020,1,0.001,0,1,0.03160696125855822,0.001,1.0
Ben Skowronek,2021,1,0.0,0,0,0.0,0.0,1.0
Ben Skowronek,2022,4,1.327,0,2,0.5254245902125252,0.0,0.355
Bennie Fowler,2017,4,0.0,0,0,0.0,0.0,0.0
Bennie Fowler,2019,1,0.0,0,0,0.0,0.0,1.0
Bo Melton,2023,1,0.011,0,1,0.10430244484191156,0.011,1.0
Brandin Cooks,2017,11,5.006,3,7,0.6767303746692621,0.0,0.797
Brandin Cooks,2018,11,5.696,4,8,0.5723495435483459,0.0,0.985
Brandin Cooks,2019,5,0.294,0,2,0.4599608679007378,0.0,0.002
Brandin Cooks,2020,10,3.988,3,5,0.260491842482639,0.0,0.028
Brandin Cooks,2021,9,3.294,1,5,0.6257507491006303,0.0,0.341
Brandin Cooks,2022,10,1.758,1,3,0.5791683693020535,0.0,0.0
Brandin Cooks,2023,7,4.096,2,5,0.5905793765447622,0.0,0.994
Brandin Cooks,2024,4,0.006,0,1,0.07722693830523131,0.0,0.0
Brandon Aiyuk,2020,7,5.807,4,6,0.4095741691073791,0.0,1.0
Brandon Aiyuk,2021,7,3.21,1,5,0.6048966853934646,0.0,0.931
Brandon Aiyuk,2022,9,3.055,2,5,0.271983455379183,0.0,0.064
Brandon Aiyuk,2023,11,5.617,3,8,0.974838961059723,0.0,0.876
Brandon Aiyuk,2024,3,0.996,0,1,0.063118935352238,0.0,0.996
Brandon Coleman,2017,1,0.0,0,0,0.0,0.0,1.0
Brandon Johnson,2023,4,1.299,1,2,0.45781983355901046,0.0,0.299
Brandon LaFell,2017,10,1.518,1,3,0.5913340849299996,0.0,0.0
Brandon Marshall,2017,1,0.0,0,0,0.0,0.0,1.0
Brandon Powell,2018,1,0.994,0,1,0.07722693830523131,0.994,1.0
Brandon Powell,2022,1,0.0,0,0,0.0,0.0,1.0
Brandon Powell,2023,2,0.001,0,1,0.031606961258558226,0.0,0.001
Brandon Zylstra,2019,1,0.965,0,1,0.1837797594948911,0.965,1.0
Braxton Berrios,2020,3,0.0,0,0,0.0,0.0,0.0
Braxton Berrios,2021,2,1.691,1,2,0.4620811617021408,0.691,1.0
Braxton Berrios,2022,1,0.0,0,0,0.0,0.0,1.0
Braxton Berrios,2023,1,0.983,0,1,0.12927103310486848,0.983,1.0
Braxton Miller,2017,1,0.0,0,0,0.0,0.0,1.0
Breshad Perriman,2017,1,0.0,0,0,0.0,0.0,1.0
Breshad Perriman,2019,6,4.719,3,6,0.6841337588512936,0.129,1.0
Breshad Perriman,2020,4,1.021,1,2,0.14338409953687334,0.0,0.021
Breshad Perriman,2021,1,0.0,0,0,0.0,0.0,1.0
Bruce Ellington,2017,4,0.996,0,2,0.10947145746723208,0.0,0.004
Bruce Ellington,2018,2,0.0,0,0,0.0,0.0,0.0
Bryan Edwards,2021,2,0.001,0,1,0.03160696125855822,0.0,0.001
Byron Pringle,2021,3,1.019,1,2,0.13652472303579302,0.0,1.0
Calvin Ridley,2018,10,4.017,3,5,0.25828472660999524,0.0,0.042
Calvin Ridley,2019,10,4.677,3,7,0.7033285149913943,0.0,0.572
Calvin Ridley,2020,10,7.621,5,9,0.8181436304219448,0.0,1.0
Calvin Ridley,2021,2,0.048,0,1,0.2137662274541982,0.0,0.048
Calvin Ridley,2023,11,5.005,4,6,0.2386943652456002,0.0,0.974
Calvin Ridley,2024,13,3.136,2,5,0.4488919691863511,0.0,0.0
Cam Sims,2020,4,0.897,0,2,0.3104690000628082,0.0,0.002
Cedric Tillman,2023,4,0.0,0,0,0.0,0.0,0.0
Cedric Tillman,2024,4,2.995,2,3,0.07053367989832943,0.0,1.0
CeeDee Lamb,2020,10,5.678,3,7,0.536950649501423,0.0,0.972
CeeDee Lamb,2021,7,3.826,2,5,0.4021492260343168,0.0,0.998
CeeDee Lamb,2022,15,8.972,6,11,0.8586128347514961,0.0,0.992
CeeDee Lamb,2023,14,12.477,10,14,0.6398992108137032,0.001,1.0
CeeDee Lamb,2024,12,6.873,4,10,0.9710154478688792,0.0,0.927
Chad Beebe,2020,1,0.991,0,1,0.09444045743218316,0.991,1.0
Chad Williams,2018,3,0.002,0,1,0.044676615807377355,0.0,0.002
Chase Claypool,2020,9,2.822,2,4,0.42932039317973236,0.0,0.019
Chase Claypool,2021,8,2.021,1,4,0.42726923596252514,0.0,0.001
Chase Claypool,2022,7,1.018,1,2,0.132951118836962,0.0,0.0
Chester Rogers,2017,2,1.0,1,1,0.0,0.0,1.0
Chester Rogers,2018,5,2.833,1,3,0.386148934997884,0.0,0.995
Chester Rogers,2019,1,0.0,0,0,0.0,0.0,1.0
Chester Rogers,2021,1,0.0,0,0,0.0,0.0,1.0
Chris Conley,2018,5,1.077,1,2,0.26659144772479104,0.0,0.077
Chris Conley,2019,9,3.859,2,4,0.3648547656259953,0.0,0.865
Chris Conley,2020,2,0.0,0,0,0.0,0.0,0.0
Chris Godwin,2017,4,2.026,1,3,0.21754080077079793,0.0,0.989
Chris Godwin,2018,8,3.717,2,5,0.4805319968534874,0.0,0.729
Chris Godwin,2019,11,5.868,4,9,0.747379421712961,0.0,0.985
Chris Godwin,2020,7,3.05,1,6,0.7317786550590281,0.0,0.787
Chris Godwin,2021,10,4.017,4,5,0.12927103310486848,0.0,0.017
Chris Godwin,2022,11,3.136,1,5,0.46422408382159575,0.0,0.004
Chris Godwin,2023,14,4.745,3,7,0.5691880181451469,0.0,0.001
Chris Godwin,2024,4,1.031,1,3,0.1844966124350255,0.0,0.029
Chris Hogan,2017,4,0.809,0,2,0.42722242450508136,0.0,0.014
Chris Hogan,2018,2,0.001,0,1,0.03160696125855822,0.0,0.001
Chris Hogan,2020,1,0.0,0,0,0.0,0.0,1.0
Chris Moore,2022,6,1.967,1,3,0.19470747289202847,0.0,0.003
Chris Olave,2022,10,3.579,1,6,0.8942924577564098,0.0,0.145
Chris Olave,2023,13,4.479,2,7,0.9292787525818074,0.0,0.129
Chris Olave,2024,2,0.609,0,2,0.5657905973061058,0.041,0.568
Christian Blake,2019,1,0.0,0,0,0.0,0.0,1.0
Christian Kirk,2018,7,0.496,0,2,0.5195998460353891,0.0,0.0
Christian Kirk,2019,10,1.395,1,3,0.5486118846689342,0.0,0.0
Christian Kirk,2020,7,2.023,2,3,0.14990330216509573,0.0,0.023
Christian Kirk,2021,9,2.791,1,4,0.6821429468960301,0.0,0.143
Christian Kirk,2022,12,3.752,2,6,0.7539867372838862,0.0,0.014
Christian Kirk,2023,8,1.682,0,4,0.671473007648111,0.0,0.005
Christian Kirk,2024,3,0.947,0,1,0.22403347964087864,0.0,0.947
Christian Watson,2022,7,4.67,4,6,0.4723346271447818,0.0,1.0
Christian Watson,2023,4,2.0,2,2,0.0,0.0,1.0
Christian Watson,2024,4,0.121,0,1,0.3261272757682191,0.0,0.0
Cody Latimer,2017,1,0.0,0,0,0.0,0.0,1.0
Cody Latimer,2018,1,1.0,1,1,0.0,1.0,1.0
Cody Latimer,2019,2,0.996,0,1,0.063118935352238,0.0,0.996
Cole Beasley,2017,5,2.0,2,2,0.0,0.0,1.0
Cole Beasley,2018,8,2.001,2,3,0.03160696125855822,0.0,0.0
Cole Beasley,2019,9,3.544,2,6,0.8752508211935593,0.0,0.508
Cole Beasley,2020,8,3.991,2,5,0.8018222995152978,0.0,0.748
Cole Beasley,2021,7,1.719,0,2,0.45391519031642913,0.0,0.0
Collin Johnson,2020,2,1.343,1,2,0.4747114913292073,0.343,1.0
Cooper Kupp,2017,10,4.615,2,6,0.5854698967496109,0.0,0.657
Cooper Kupp,2018,4,2.993,2,3,0.08337265738837882,0.0,1.0
Cooper Kupp,2019,9,5.094,4,7,0.5207340972127713,0.0,1.0
Cooper Kupp,2020,12,2.683,1,4,0.6453766342222191,0.0,0.0
Cooper Kupp,2021,13,12.078,9,13,0.7999474982772306,0.323,1.0
Cooper Kupp,2022,6,4.954,4,5,0.20948508300115307,0.0,1.0
Cooper Kupp,2023,8,2.806,1,5,0.693082967616432,0.0,0.153
Cooper Kupp,2024,6,3.778,2,5,0.607219894272248,0.0,0.987
Corey Coleman,2017,4,0.991,0,2,0.11366177897604805,0.0,0.002
Corey Davis,2017,5,0.219,0,1,0.41356861583055354,0.0,0.0
Corey Davis,2018,8,2.653,2,4,0.48227689142234464,0.0,0.003
Corey Davis,2019,7,2.0,2,2,0.0,0.0,0.0
Corey Davis,2020,6,3.889,3,5,0.5573858627557753,0.0,1.0
Corey Davis,2021,4,1.613,1,3,0.5415080793487758,0.0,0.585
Corey Davis,2022,3,1.034,0,2,0.2069879223529721,0.0,0.995
Courtland Sutton,2018,8,2.049,1,4,0.26570472333024114,0.0,0.001
Courtland Sutton,2019,13,5.004,4,7,0.3898512536852998,0.0,0.074
Courtland Sutton,2021,6,2.003,2,3,0.054690035655501276,0.0,0.003
Courtland Sutton,2022,9,0.875,0,3,0.6044625712151249,0.0,0.0
Courtland Sutton,2023,8,3.583,1,6,0.6656658320809323,0.0,0.531
Courtland Sutton,2024,13,7.212,4,10,0.9995278885553919,0.0,0.958
Curtis Samuel,2017,2,0.0,0,0,0.0,0.0,0.0
Curtis Samuel,2018,4,1.498,0,3,0.5347859384838011,0.0,0.494
Curtis Samuel,2019,10,4.01,2,5,0.5494542747126462,0.0,0.152
Curtis Samuel,2020,10,5.006,4,6,0.3492334462791329,0.0,0.942
Curtis Samuel,2022,7,0.836,0,2,0.43486089729935473,0.0,0.0
Curtis Samuel,2023,8,3.83,2,5,0.38353617821530217,0.0,0.829
Curtis Samuel,2024,3,0.999,0,1,0.03160696125855822,0.0,0.999
D.J. Chark,2018,3,0.0,0,0,0.0,0.0,0.0
D.J. Chark,2019,12,3.002,2,4,0.1897261183917491,0.0,0.0
D.J. Chark,2020,9,1.933,1,3,0.2617460601422684,0.0,0.0
D.J. Chark,2022,4,2.299,1,4,0.6939733424275027,0.007,0.871
D.J. Chark,2023,5,1.658,1,2,0.474379594839407,0.0,0.658
D.J. Moore,2018,10,2.352,2,4,0.49203251925050656,0.0,0.0
D.J. Moore,2019,11,4.677,2,8,0.8477446549521854,0.0,0.562
D.J. Moore,2020,10,5.111,4,6,0.37239629428875903,0.0,0.98
D.J. Moore,2021,11,1.826,1,4,0.699802829374103,0.0,0.0
D.J. Moore,2022,12,5.968,4,7,0.19229144546755067,0.0,0.969
D.J. Moore,2023,15,6.8,6,8,0.4358898943540673,0.0,0.785
D.J. Moore,2024,13,4.035,3,6,0.3190219428189854,0.0,0.001
DJ Turner,2024,1,0.0,0,0,0.0,0.0,1.0
DK Metcalf,2019,9,3.001,2,4,0.16431372432027702,0.0,0.014
DK Metcalf,2020,11,6.578,4,9,0.8484786385054135,0.0,0.998
DK Metcalf,2021,10,5.422,4,7,0.5726395026541568,0.0,0.963
DK Metcalf,2022,13,5.141,3,8,0.7274056639867468,0.0,0.27
DK Metcalf,2023,12,5.072,2,8,1.0491977887891302,0.0,0.355
DK Metcalf,2024,10,2.579,1,5,0.6616335843954718,0.0,0.002
DaeSean Hamilton,2018,4,1.199,0,2,0.4017449439632066,0.0,0.2
DaeSean Hamilton,2019,4,1.0,1,1,0.0,0.0,0.0
DaeSean Hamilton,2020,3,1.188,1,3,0.4008191612186223,0.004,1.0
Damiere Byrd,2017,1,0.0,0,0,0.0,0.0,1.0
Damiere Byrd,2019,3,1.558,1,2,0.4966246067202068,0.0,1.0
Damiere Byrd,2020,4,1.001,1,2,0.03160696125855822,0.0,0.001
Damiere Byrd,2021,3,0.0,0,0,0.0,0.0,0.0
Damiere Byrd,2022,1,1.0,1,1,0.0,1.0,1.0
Danny Amendola,2017,5,0.911,0,2,0.28823427971009974,0.0,0.001
Danny Amendola,2018,7,1.324,0,2,0.4701318963865354,0.0,0.0
Danny Amendola,2019,8,1.765,0,3,0.7455031857745479,0.0,0.0
Danny Amendola,2020,4,0.024,0,1,0.15304901175767194,0.0,0.0
Danny Amendola,2021,4,1.0,1,1,0.0,0.0,0.0
Dante Pettis,2018,6,2.765,2,4,0.4447190124112078,0.0,0.756
Dante Pettis,2019,1,0.0,0,0,0.0,0.0,1.0
Dante Pettis,2022,4,1.017,1,2,0.12927103310486848,0.0,0.017
Dante Pettis,2024,3,0.089,0,1,0.28474374444401757,0.0,0.089
Darius Slayton,2019,7,3.001,3,4,0.03160696125855822,0.0,1.0
Darius Slayton,2020,7,1.069,0,2,0.29705050075702616,0.0,0.0
Darius Slayton,2021,2,0.003,0,1,0.054690035655501276,0.0,0.003
Darius Slayton,2022,7,1.028,0,3,0.3862848689762517,0.0,0.001
Darius Slayton,2023,7,4.0,3,5,0.06324555320336758,0.0,1.0
Darius Slayton,2024,6,1.571,1,2,0.4949333288433908,0.0,0.0
Darnell Mooney,2020,10,1.995,1,2,0.07053367989832944,0.0,0.0
Darnell Mooney,2021,10,4.36,3,5,0.49436828377233105,0.0,0.367
Darnell Mooney,2022,7,0.703,0,3,0.6187010586705021,0.0,0.003
Darnell Mooney,2023,4,0.127,0,1,0.33297297187609687,0.0,0.0
Darnell Mooney,2024,11,4.238,3,6,0.4531622226090785,0.0,0.242
Davante Adams,2017,11,6.554,4,8,0.6189377997828214,0.0,0.996
Davante Adams,2018,12,10.94,9,12,0.6666333324999584,0.183,1.0
Davante Adams,2019,9,6.448,4,8,0.6207221600684157,0.0,1.0
Davante Adams,2020,10,9.049,7,10,0.42023683798543887,0.112,1.0
Davante Adams,2021,9,6.141,3,9,0.989504421415084,0.001,0.996
Davante Adams,2022,12,7.62,5,10,0.844748483277715,0.0,0.993
Davante Adams,2023,14,5.488,4,9,0.81722457133887,0.0,0.097
Davante Adams,2024,11,5.916,4,7,0.3618618520927565,0.0,0.997
David Bell,2022,3,0.0,0,0,0.0,0.0,0.0
David Moore,2018,4,1.0,1,1,0.0,0.0,0.0
David Moore,2020,2,1.354,1,2,0.47820915925983687,0.354,1.0
David Moore,2024,4,1.0,1,1,0.0,0.0,0.0
DeAndre Carter,2018,3,0.0,0,0,0.0,0.0,0.0
DeAndre Carter,2019,1,0.001,0,1,0.03160696125855822,0.001,1.0
DeAndre Carter,2021,3,1.961,1,2,0.19359493795035032,0.0,1.0
DeAndre Carter,2022,5,1.0,1,1,0.0,0.0,0.0
DeAndre Hopkins,2017,10,8.783,6,10,0.5915327547989208,0.073,1.0
DeAndre Hopkins,2018,13,9.975,6,13,1.1429676285879666,0.006,1.0
DeAndre Hopkins,2019,12,6.859,4,10,0.9408076317717666,0.0,0.94
DeAndre Hopkins,2020,11,5.986,4,8,0.5707924316246669,0.0,0.996
DeAndre Hopkins,2021,2,1.74,1,2,0.43863424398922624,0.74,1.0
DeAndre Hopkins,2022,6,2.124,1,4,0.6990164518807837,0.0,0.292
DeAndre Hopkins,2023,13,5.192,3,7,0.6596483911903371,0.0,0.325
DeAndre Hopkins,2024,7,1.223,1,3,0.45527024941236827,0.0,0.017
DeSean Jackson,2017,6,0.182,0,2,0.3935428820344741,0.0,0.0
DeSean Jackson,2018,6,1.653,0,3,0.5240143127816262,0.0,0.018
DeSean Jackson,2020,1,0.0,0,0,0.0,0.0,1.0
DeSean Jackson,2021,1,0.0,0,0,0.0,0.0,1.0
DeVante Parker,2017,7,0.087,0,2,0.288844248687766,0.0,0.0
DeVante Parker,2018,2,0.819,0,1,0.38501818138887933,0.0,0.819
DeVante Parker,2019,10,6.956,5,8,0.4148059787418692,0.0,1.0
DeVante Parker,2020,7,2.157,0,3,0.757859485656807,0.0,0.356
DeVante Parker,2021,4,1.959,1,3,0.27806294251481983,0.0,0.94
DeVante Parker,2022,3,1.005,1,2,0.07053367989832944,0.0,1.0
DeVante Parker,2023,4,0.006,0,1,0.07722693830523131,0.0,0.0
DeVonta Smith,2021,8,3.894,2,5,0.34170747723747574,0.0,0.887
DeVonta Smith,2022,12,5.101,3,8,0.7712321310733884,0.0,0.289
DeVonta Smith,2023,13,4.551,3,7,0.6335605732682551,0.0,0.059
DeVonta Smith,2024,7,4.162,3,5,0.3971850953900461,0.0,1.0
Dede Westbrook,2017,3,1.008,0,2,0.09967948635501689,0.0,0.999
Dede Westbrook,2018,10,2.348,1,4,0.5906741910732176,0.0,0.0
Dede Westbrook,2019,9,2.85,2,4,0.39179076048319467,0.0,0.013
Deebo Samuel,2019,7,4.389,2,5,0.6145559372424939,0.0,0.999
Deebo Samuel,2020,3,1.0,0,2,0.17888543819998318,0.0,0.984
Deebo Samuel,2021,8,7.106,6,8,0.3778412365001999,0.13,1.0
Deebo Samuel,2022,9,2.99,1,5,0.8160269603389337,0.0,0.259
Deebo Samuel,2023,5,3.985,3,5,0.20682117879946432,0.014,1.0
Demarcus Robinson,2017,2,0.014,0,1,0.11749042514179613,0.0,0.014
Demarcus Robinson,2018,1,0.0,0,0,0.0,0.0,1.0
Demarcus Robinson,2019,4,0.0,0,0,0.0,0.0,0.0
Demarcus Robinson,2020,4,1.003,1,2,0.054690035655501276,0.0,0.003
Demarcus Robinson,2021,2,1.0,1,1,0.0,0.0,1.0
Demarcus Robinson,2022,7,0.999,0,1,0.03160696125855822,0.0,0.0
Demarcus Robinson,2023,5,3.003,2,4,0.10483797022071727,0.0,1.0
Demarcus Robinson,2024,4,1.033,1,2,0.17863650242881493,0.0,0.033
Demario Douglas,2023,9,0.068,0,2,0.2556873090319502,0.0,0.0
Demario Douglas,2024,8,1.607,1,2,0.488416830176848,0.0,0.0
Demaryius Thomas,2017,13,4.457,2,7,0.8967446682305951,0.0,0.104
Demaryius Thomas,2018,9,2.0,2,2,0.0,0.0,0.0
Demaryius Thomas,2019,5,0.13,0,1,0.33630343441600474,0.0,0.0
Denzel Mims,2020,2,0.009,0,1,0.09444045743218316,0.0,0.009
Denzel Mims,2021,1,0.0,0,0,0.0,0.0,1.0
Denzel Mims,2022,2,0.0,0,0,0.0,0.0,0.0
Deon Cain,2019,1,0.0,0,0,0.0,0.0,1.0
Deontay Burnett,2018,1,0.045,0,1,0.20730412441627882,0.045,1.0
Deonte Thompson,2017,5,1.81,1,2,0.39230090491866065,0.0,0.81
Devaughn Vele,2024,2,0.026,0,2,0.16529972776747093,0.001,0.025
Devin Duvernay,2022,5,0.014,0,1,0.11749042514179613,0.0,0.0
Dez Bryant,2017,12,3.521,1,6,0.8435395663512174,0.0,0.002
Diontae Johnson,2019,10,3.899,3,4,0.3013287241535397,0.0,0.0
Diontae Johnson,2020,9,5.339,3,7,0.7085753312104509,0.0,0.993
Diontae Johnson,2021,9,2.138,1,5,0.8814510763508091,0.0,0.061
Diontae Johnson,2022,12,0.331,0,2,0.4789979123127782,0.0,0.0
Diontae Johnson,2023,8,3.763,2,5,0.5223322697287618,0.0,0.751
Diontae Johnson,2024,3,1.981,1,2,0.13652472303579302,0.0,1.0
Dontayvion Wicks,2023,4,1.961,1,3,0.7024806047144647,0.0,0.733
Dontayvion Wicks,2024,8,1.474,1,3,0.5013222516505726,0.0,0.0
Donte Moncrief,2017,2,0.0,0,0,0.0,0.0,0.0
Donte Moncrief,2018,5,1.013,1,2,0.11327400407860577,0.0,0.013
Dontrelle Inman,2017,4,1.685,0,3,0.4977700272214067,0.0,0.697
Dontrelle Inman,2019,1,0.105,0,1,0.3065534211193866,0.105,1.0
Dontrelle Inman,2020,2,0.0,0,0,0.0,0.0,0.0
Doug Baldwin,2017,10,4.544,3,7,0.6797528962792287,0.0,0.453
Doug Baldwin,2018,7,2.809,2,4,0.4674601587301318,0.0,0.777
Drake London,2022,9,1.45,0,3,0.6367888189973188,0.0,0.0
Drake London,2023,11,2.196,1,4,0.45561387160621,0.0,0.0
Drake London,2024,12,4.959,2,8,0.8045613711830812,0.0,0.249
Duke Williams,2019,1,0.998,0,1,0.044676615807377355,0.998,1.0
Dyami Brown,2021,1,0.0,0,0,0.0,0.0,1.0
Dyami Brown,2024,2,0.0,0,0,0.0,0.0,0.0
Eli Rogers,2017,2,0.0,0,0,0.0,0.0,0.0
Elijah Moore,2021,5,1.491,1,3,0.5584970904131911,0.0,0.46
Elijah Moore,2022,3,0.0,0,0,0.0,0.0,0.0
Elijah Moore,2023,10,3.058,1,4,0.4611247119814769,0.0,0.0
Elijah Moore,2024,10,1.779,0,3,0.5405173447725798,0.0,0.0
Emmanuel Sanders,2017,8,0.998,0,2,0.134149170701872,0.0,0.0
Emmanuel Sanders,2018,8,3.024,2,4,0.16560193235587561,0.0,0.026
Emmanuel Sanders,2019,8,2.482,2,4,0.5173741392841354,0.0,0.009
Emmanuel Sanders,2020,8,1.954,0,5,0.7347679905929491,0.0,0.023
Emmanuel Sanders,2021,6,1.118,1,3,0.3256931070808837,0.0,0.001
Equanimeous St. Brown,2018,2,0.823,0,1,0.3816687045069323,0.0,0.823
Equanimeous St. Brown,2021,1,0.0,0,0,0.0,0.0,1.0
Equanimeous St. Brown,2022,1,0.0,0,0,0.0,0.0,1.0
Eric Decker,2017,7,0.099,0,2,0.30199172174084504,0.0,0.0
Freddie Swain,2021,1,0.0,0,0,0.0,0.0,1.0
Gabriel Davis,2020,5,1.013,1,2,0.11327400407860577,0.0,0.013
Gabriel Davis,2021,3,1.027,1,2,0.16208331191088118,0.0,1.0
Garrett Wilson,2022,10,3.693,2,6,0.7581233408885389,0.0,0.136
Garrett Wilson,2023,14,2.061,0,5,0.9926122102815379,0.0,0.0
Garrett Wilson,2024,14,5.871,3,8,0.8616025765978187,0.0,0.241
George Pickens,2022,9,4.635,2,7,0.6031376294014493,0.0,0.957
George Pickens,2023,13,4.654,3,7,0.5606103816377289,0.0,0.038
George Pickens,2024,10,3.327,2,5,0.5532368389758585,0.0,0.028
Geronimo Allison,2017,1,0.0,0,0,0.0,0.0,1.0
Geronimo Allison,2018,1,0.016,0,1,0.125475097130865,0.016,1.0
Geronimo Allison,2019,3,0.0,0,0,0.0,0.0,0.0
Golden Tate,2017,12,4.597,3,6,0.5315928893429632,0.0,0.007
Golden Tate,2018,9,2.007,2,3,0.08337265738837882,0.0,0.0
Golden Tate,2019,7,2.176,1,4,0.49297464437838984,0.0,0.203
Golden Tate,2020,3,0.0,0,0,0.0,0.0,0.0
Greg Dortch,2022,3,1.956,1,2,0.20509509989270833,0.0,1.0
Greg Dortch,2023,4,1.498,0,4,0.8282487549039841,0.003,0.493
Greg Dortch,2024,1,0.0,0,0,0.0,0.0,1.0
Greg Ward,2019,3,1.001,1,2,0.03160696125855822,0.0,1.0
Greg Ward,2020,8,2.988,2,4,0.184,0.0,0.011
Hunter Renfrow,2019,7,2.935,2,3,0.246525860712421,0.0,0.935
Hunter Renfrow,2020,6,0.002,0,1,0.044676615807377355,0.0,0.0
Hunter Renfrow,2021,9,3.686,2,5,0.6938328328927653,0.0,0.585
Hunter Renfrow,2022,1,0.757,0,1,0.42889509206797877,0.757,1.0
Hunter Renfrow,2023,2,0.0,0,0,0.0,0.0,0.0
Isaiah Ford,2019,4,0.922,0,2,0.29311431217188966,0.0,0.007
Isaiah Ford,2020,2,0.0,0,0,0.0,0.0,0.0
Isaiah Hodgins,2022,3,2.984,2,3,0.125475097130865,0.984,1.0
Isaiah McKenzie,2018,3,1.0,1,1,0.0,0.0,1.0
Isaiah McKenzie,2019,3,0.0,0,0,0.0,0.0,0.0
Isaiah McKenzie,2021,1,1.0,1,1,0.0,1.0,1.0
Isaiah McKenzie,2022,6,1.005,1,2,0.07053367989832943,0.0,0.0
Isaiah Wright,2020,2,0.0,0,0,0.0,0.0,0.0
J.J. Nelson,2017,3,0.001,0,1,0.031606961258558226,0.0,0.001
J.J. Nelson,2018,1,0.0,0,0,0.0,0.0,1.0
Ja'Lynn Polk,2024,2,0.0,0,0,0.0,0.0,0.0
Ja'Marr Chase,2021,10,5.373,3,8,0.9369477039835254,0.0,0.818
Ja'Marr Chase,2022,9,5.865,4,8,0.7062400441776153,0.0,1.0
Ja'Marr Chase,2023,11,5.036,3,9,0.8382744180756084,0.0,0.722
Ja'Marr Chase,2024,14,11.796,9,14,0.7391779217482081,0.001,1.0
Jahan Dotson,2022,3,2.982,2,3,0.132951118836962,0.982,1.0
Jahan Dotson,2023,7,1.989,1,3,0.2299543432944897,0.0,0.021
Jahan Dotson,2024,1,0.639,0,1,0.4802905370710524,0.639,1.0
Jake Bobo,2023,1,0.999,0,1,0.031606961258558226,0.999,1.0
Jakeem Grant,2017,2,1.0,1,1,0.0,0.0,1.0
Jakeem Grant,2018,1,0.0,0,0,0.0,0.0,1.0
Jakeem Grant,2019,1,0.0,0,0,0.0,0.0,1.0
Jakeem Grant,2020,7,0.994,0,1,0.07722693830523131,0.0,0.0
Jakobi Meyers,2019,3,0.104,0,1,0.30526054445342266,0.0,0.104
Jakobi Meyers,2020,7,1.959,1,3,0.5360214547944886,0.0,0.124
Jakobi Meyers,2021,10,1.275,0,3,0.5053464158376905,0.0,0.0
Jakobi Meyers,2022,8,2.524,1,4,0.6583494512794857,0.0,0.042
Jakobi Meyers,2023,11,5.187,2,6,0.7784799290925876,0.0,0.812
Jakobi Meyers,2024,12,4.159,1,6,0.9228862335087678,0.0,0.058
Jalen Brooks,2024,2,0.0,0,0,0.0,0.0,0.0
Jalen Coker,2024,5,2.0,2,2,0.0,0.0,1.0
Jalen Guyton,2020,4,0.955,0,1,0.20730412441627885,0.0,0.0
Jalen Guyton,2021,2,0.0,0,0,0.0,0.0,0.0
Jalen McMillan,2024,7,4.981,4,5,0.13652472303579308,0.0,1.0
Jalen Nailor,2022,1,0.002,0,1,0.044676615807377355,0.002,1.0
Jalen Nailor,2024,2,1.005,1,2,0.07053367989832943,0.005,1.0
Jalen Reagor,2020,5,0.0,0,0,0.0,0.0,0.0
Jalen Reagor,2021,2,0.0,0,0,0.0,0.0,0.0
Jalen Reagor,2023,1,0.0,0,0,0.0,0.0,1.0
Jalen Tolbert,2023,3,1.0,1,1,0.0,0.0,1.0
Jalen Tolbert,2024,6,1.307,1,3,0.4677082423904886,0.0,0.003
Jalin Hyatt,2023,3,1.135,0,2,0.344637490705814,0.0,0.999
Jamal Agnew,2021,5,1.517,1,3,0.5096184847510931,0.0,0.512
Jamal Agnew,2022,2,1.903,1,2,0.29595776725742473,0.903,1.0
Jamal Agnew,2023,2,0.0,0,0,0.0,0.0,0.0
James Proche,2021,1,0.078,0,1,0.26817158686184484,0.078,1.0
James Washington,2018,1,0.0,0,0,0.0,0.0,1.0
James Washington,2019,7,2.033,2,3,0.1786365024288149,0.0,0.033
James Washington,2020,2,1.447,0,2,0.5011895848877947,0.449,0.998
James Washington,2021,3,0.01,0,1,0.09949874371066199,0.0,0.01
Jameson Williams,2023,2,0.0,0,0,0.0,0.0,0.0
Jameson Williams,2024,9,3.176,3,5,0.3834370874080909,0.0,0.175
Jamison Crowder,2017,10,2.694,1,4,0.4882253578010876,0.0,0.0
Jamison Crowder,2018,4,1.007,1,2,0.08337265738837882,0.0,0.007
Jamison Crowder,2019,11,5.38,4,6,0.5582114294781145,0.0,0.962
Jamison Crowder,2020,5,2.0,2,2,0.0,0.0,1.0
Jamison Crowder,2021,4,0.02,0,1,0.13999999999999999,0.0,0.0
Jamison Crowder,2024,1,0.0,0,0,0.0,0.0,1.0
Jarius Wright,2018,3,0.0,0,0,0.0,0.0,0.0
Jarius Wright,2019,5,0.001,0,1,0.031606961258558226,0.0,0.0
Jaron Brown,2017,5,0.566,0,1,0.4956248581336493,0.0,0.0
Jaron Brown,2019,2,1.002,1,2,0.044676615807377355,0.002,1.0
Jarvis Landry,2017,13,5.579,3,8,0.9009766922623471,0.0,0.508
Jarvis Landry,2018,12,2.492,1,5,0.6228450850733271,0.0,0.0
Jarvis Landry,2019,13,5.007,3,7,0.6655456408091033,0.0,0.21
Jarvis Landry,2020,10,2.932,1,5,0.739848633167623,0.0,0.004
Jarvis Landry,2021,6,1.061,0,2,0.2850947211016016,0.0,0.0
Jarvis Landry,2022,1,0.0,0,0,0.0,0.0,1.0
Jauan Jennings,2021,3,0.724,0,1,0.44701677820860364,0.0,0.724
Jauan Jennings,2022,2,0.996,0,1,0.063118935352238,0.0,0.996
Jauan Jennings,2023,1,0.0,0,0,0.0,0.0,1.0
Jauan Jennings,2024,11,2.174,2,5,0.4070921271653383,0.0,0.001
Javon Wims,2019,3,0.0,0,0,0.0,0.0,0.0
Jayden Reed,2023,9,5.735,3,7,0.6186881282197032,0.0,0.999
Jayden Reed,2024,6,2.949,2,5,0.6902166326596311,0.0,0.752
Jaylen Waddle,2021,8,2.148,1,4,0.3716127016128486,0.0,0.005
Jaylen Waddle,2022,12,4.838,3,7,0.7237098866258497,0.0,0.165
Jaylen Waddle,2023,10,4.069,2,7,0.821120575798707,0.0,0.299
Jaylen Waddle,2024,7,1.908,1,2,0.289025950392002,0.0,0.0
Jeff Smith,2020,1,0.0,0,0,0.0,0.0,1.0
Jeff Smith,2022,1,0.125,0,1,0.33071891388307384,0.125,1.0
Jeremy Maclin,2017,8,1.403,0,2,0.560884123505025,0.0,0.0
Jermaine Kearse,2017,10,2.0,2,2,0.0,0.0,0.0
Jermaine Kearse,2018,6,1.615,1,2,0.4865953144040744,0.0,0.0
Jerry Jeudy,2020,7,1.006,1,2,0.0772269383052313,0.0,0.0
Jerry Jeudy,2021,1,0.0,0,0,0.0,0.0,1.0
Jerry Jeudy,2022,9,4.552,2,6,0.7558412531742362,0.0,0.92
Jerry Jeudy,2023,11,1.664,0,3,0.49305577777772774,0.0,0.0
Jerry Jeudy,2024,11,3.936,2,6,0.7027830390668233,0.0,0.187
John Brown,2017,2,0.0,0,0,0.0,0.0,0.0
John Brown,2018,8,2.022,2,3,0.14668333238647124,0.0,0.0
John Brown,2019,9,2.254,1,4,0.46635179853839953,0.0,0.005
John Brown,2020,3,0.241,0,1,0.4276903085177405,0.0,0.241
John Hightower,2020,1,0.0,0,0,0.0,0.0,1.0
John Ross,2018,6,0.841,0,3,0.6432099190777456,0.0,0.004
John Ross,2019,3,0.154,0,1,0.3609487498246808,0.0,0.154
Johnny Holton,2017,1,0.05,0,1,0.21794494717703364,0.05,1.0
Johnny Holton,2019,1,0.0,0,0,0.0,0.0,1.0
Johnny Wilson,2024,1,0.0,0,0,0.0,0.0,1.0
Jonathan Mingo,2023,8,0.011,0,1,0.10430244484191156,0.0,0.0
Jonathan Mingo,2024,2,0.0,0,0,0.0,0.0,0.0
Jordan Addison,2023,11,4.844,3,6,0.48131486575837235,0.0,0.81
Jordan Addison,2024,10,4.57,2,7,0.7135124385741288,0.0,0.535
Jordan Taylor,2017,1,0.005,0,1,0.07053367989832944,0.005,1.0
Jordan Whittington,2024,1,0.051,0,1,0.21999772726098782,0.051,1.0
Jordy Nelson,2017,8,0.005,0,1,0.07053367989832944,0.0,0.0
Jordy Nelson,2018,6,1.686,0,3,0.5669250391365688,0.0,0.046
Josh Bellamy,2017,3,1.018,1,2,0.132951118836962,0.0,1.0
Josh Bellamy,2018,1,0.0,0,0,0.0,0.0,1.0
Josh Doctson,2017,8,1.043,0,3,0.21248764669975523,0.0,0.0
Josh Doctson,2018,9,0.124,0,2,0.33559499400318826,0.0,0.0
Josh Downs,2023,7,1.649,1,3,0.5194217939208943,0.0,0.021
Josh Downs,2024,8,3.037,1,4,0.43775678178641614,0.0,0.114
Josh Gordon,2017,2,0.664,0,1,0.4723388614120164,0.0,0.664
Josh Gordon,2018,7,1.313,1,5,0.5282338497294545,0.0,0.027
Josh Gordon,2019,3,0.001,0,1,0.03160696125855822,0.0,0.001
Josh Reynolds,2017,3,0.97,0,1,0.1705872210923198,0.0,0.97
Josh Reynolds,2018,6,3.001,3,4,0.031606961258558226,0.0,1.0
Josh Reynolds,2019,3,0.999,0,1,0.03160696125855822,0.0,0.999
Josh Reynolds,2020,7,2.366,1,4,0.6723421747889984,0.0,0.466
Josh Reynolds,2021,3,2.0,2,2,0.0,0.0,1.0
Josh Reynolds,2022,4,2.081,1,3,0.2973869533116744,0.0,0.993
Josh Reynolds,2023,2,1.0,1,1,0.0,0.0,1.0
Joshua Palmer,2021,2,1.993,1,2,0.08337265738837882,0.993,1.0
Joshua Palmer,2022,9,1.415,1,2,0.49272203116970525,0.0,0.0
Joshua Palmer,2023,5,1.007,0,2,0.1701499338818561,0.0,0.018
Joshua Palmer,2024,5,0.022,0,1,0.14668333238647124,0.0,0.0
Julian Edelman,2018,9,5.928,3,9,0.934246220222485,0.001,0.998
Julian Edelman,2019,13,5.453,3,8,0.8341408753921605,0.0,0.47
Julian Edelman,2020,2,0.0,0,0,0.0,0.0,0.0
Julio Jones,2017,12,5.211,3,8,0.8345531738601201,0.0,0.333
Julio Jones,2018,13,9.876,8,12,0.7553965845832239,0.0,1.0
Julio Jones,2019,12,4.766,3,8,0.9355447610884259,0.0,0.205
Julio Jones,2020,5,3.09,1,5,0.7224264668462803,0.018,0.996
Julio Jones,2021,2,0.76,0,1,0.4270831300812524,0.0,0.76
Julio Jones,2022,4,0.752,0,1,0.43185182644050485,0.0,0.0
Justin Jefferson,2020,10,6.216,4,9,0.7920505034402795,0.0,0.997
Justin Jefferson,2021,9,6.151,3,9,0.8088256919757186,0.001,0.999
Justin Jefferson,2022,13,10.88,8,13,0.45122056690713913,0.001,1.0
Justin Jefferson,2023,7,3.873,3,7,0.7621489355762429,0.001,1.0
Justin Jefferson,2024,14,9.563,6,13,1.0256856243508534,0.0,0.999
Justin Watson,2019,1,0.438,0,1,0.496141108959941,0.438,1.0
Justin Watson,2022,1,0.0,0,0,0.0,0.0,1.0
Justin Watson,2023,3,1.863,1,2,0.3438473498516456,0.0,1.0
K.J. Osborn,2021,3,1.998,1,2,0.044676615807377355,0.0,1.0
K.J. Osborn,2022,7,2.523,1,3,0.572250819134407,0.0,0.562
K.J. Osborn,2023,6,1.211,1,2,0.4080183819388533,0.0,0.0
KJ Hamler,2020,4,0.475,0,1,0.4993746088859544,0.0,0.0
KaVontae Turpin,2024,4,0.0,0,0,0.0,0.0,0.0
Kadarius Toney,2021,3,1.0,1,1,0.0,0.0,1.0
Kadarius Toney,2022,1,0.997,0,1,0.054690035655501276,0.997,1.0
Kadarius Toney,2023,2,0.0,0,0,0.0,0.0,0.0
Kalif Raymond,2021,5,1.897,1,2,0.3039588787977742,0.0,0.897
Kalif Raymond,2022,6,1.445,0,3,0.5166962357130154,0.0,0.009
Kalif Raymond,2023,1,0.938,0,1,0.24115555146004825,0.938,1.0
Kalif Raymond,2024,1,0.014,0,1,0.11749042514179613,0.014,1.0
Kamar Aiken,2017,3,0.0,0,0,0.0,0.0,0.0
Kasen Williams,2017,2,0.0,0,0,0.0,0.0,0.0
Kayshon Boutte,2024,9,2.0,2,2,0.0,0.0,0.0
KeeSean Johnson,2019,2,0.0,0,0,0.0,0.0,0.0
Keelan Cole,2017,8,1.677,1,3,0.47609977945804594,0.0,0.0
Keelan Cole,2018,5,0.001,0,1,0.03160696125855822,0.0,0.0
Keelan Cole,2019,3,0.128,0,2,0.34585546113947657,0.0,0.124
Keelan Cole,2020,8,3.036,2,4,0.19158288023724873,0.0,0.037
Keelan Cole,2021,1,0.0,0,0,0.0,0.0,1.0
Keenan Allen,2017,13,5.967,4,8,0.4122026200790092,0.0,0.903
Keenan Allen,2018,12,6.829,4,9,0.8739330637983667,0.0,0.94
Keenan Allen,2019,12,3.204,1,5,0.6814572620494993,0.0,0.0
Keenan Allen,2020,9,5.947,3,8,0.7656311122205001,0.0,0.998
Keenan Allen,2021,10,3.286,1,6,0.7837116816789195,0.0,0.045
Keenan Allen,2022,7,3.256,1,6,0.8499788232656154,0.0,0.816
Keenan Allen,2023,10,5.096,3,9,1.042489328482551,0.0,0.702
Keenan Allen,2024,11,4.997,4,5,0.054690035655501276,0.0,0.997
Keke Coutee,2018,1,0.01,0,1,0.09949874371066199,0.01,1.0
Keke Coutee,2019,3,0.209,0,1,0.40659439248469725,0.0,0.209
Keke Coutee,2020,3,1.07,1,2,0.25514701644346144,0.0,1.0
Kelvin Benjamin,2017,7,1.384,0,5,0.8766664131812054,0.0,0.095
Kelvin Benjamin,2018,6,0.005,0,1,0.07053367989832944,0.0,0.0
Kelvin Harmon,2019,5,0.001,0,1,0.03160696125855822,0.0,0.0
Kendall Hinton,2021,1,0.0,0,0,0.0,0.0,1.0
Kendall Hinton,2022,3,0.001,0,1,0.03160696125855822,0.0,0.001
Kendall Wright,2017,7,1.053,1,2,0.22403347964087864,0.0,0.0
Kendrick Bourne,2017,3,0.503,0,1,0.4999909999189985,0.0,0.503
Kendrick Bourne,2018,6,1.01,0,2,0.17860571099491754,0.0,0.0
Kendrick Bourne,2019,2,1.846,0,2,0.3637086746284724,0.847,0.999
Kendrick Bourne,2020,6,0.074,0,1,0.26177089219391836,0.0,0.0
Kendrick Bourne,2021,4,1.106,1,2,0.3078376195334157,0.0,0.106
Kendrick Bourne,2022,3,1.0,1,1,0.0,0.0,1.0
Kendrick Bourne,2023,3,0.558,0,2,0.6120751587836252,0.0,0.494
Kendrick Bourne,2024,3,1.0,1,1,0.0,0.0,1.0
Kenny Britt,2017,2,0.0,0,0,0.0,0.0,0.0
Kenny Golladay,2017,2,0.0,0,0,0.0,0.0,0.0
Kenny Golladay,2018,7,4.058,3,5,0.26577434037167696,0.0,1.0
Kenny Golladay,2019,10,7.266,5,9,0.7558068536339161,0.0,1.0
Kenny Golladay,2020,1,0.652,0,1,0.4763360158543546,0.652,1.0
Kenny Golladay,2021,5,0.777,0,1,0.4162583332499183,0.0,0.0
Kenny Golladay,2022,1,0.816,0,1,0.3874841932259947,0.816,1.0
Kenny Stills,2017,9,3.0,2,4,0.06324555320336758,0.0,0.002
Kenny Stills,2018,5,1.49,1,2,0.4998999899979995,0.0,0.49
Kenny Stills,2019,4,0.567,0,1,0.495490665906029,0.0,0.0
Kenny Stills,2021,1,0.864,0,1,0.3427885645700568,0.864,1.0
Keon Coleman,2024,5,2.726,0,4,0.597431167583346,0.0,0.975
KhaDarel Hodge,2020,1,0.053,0,1,0.22403347964087864,0.053,1.0
KhaDarel Hodge,2021,1,0.105,0,1,0.3065534211193866,0.105,1.0
KhaDarel Hodge,2022,1,0.0,0,0,0.0,0.0,1.0
KhaDarel Hodge,2023,1,0.0,0,0,0.0,0.0,1.0
Khalil Shakir,2023,3,1.822,0,2,0.39027682483078596,0.0,0.997
Khalil Shakir,2024,11,1.707,1,3,0.636514728816231,0.0,0.0
Kyle Philips,2023,2,0.013,0,1,0.11327400407860577,0.0,0.013
Ladd McConkey,2024,12,6.398,3,8,0.7845992607694708,0.0,0.871
Laquon Treadwell,2018,2,0.0,0,0,0.0,0.0,0.0
Laquon Treadwell,2021,5,1.189,0,2,0.6791752351197737,0.0,0.343
Larry Fitzgerald,2017,12,4.808,3,6,0.5090540246378571,0.0,0.047
Larry Fitzgerald,2018,10,1.843,1,5,0.7485659623573597,0.0,0.001
Larry Fitzgerald,2019,10,0.786,0,2,0.44068582913454346,0.0,0.0
Larry Fitzgerald,2020,6,0.0,0,0,0.0,0.0,0.0
Leonte Carroo,2017,1,0.0,0,0,0.0,0.0,1.0
Lil'Jordan Humphrey,2021,1,0.015,0,1,0.12155245781143219,0.015,1.0
Lil'Jordan Humphrey,2024,2,0.0,0,0,0.0,0.0,0.0
Lynn Bowden,2023,1,0.0,0,0,0.0,0.0,1.0
Mack Hollins,2017,1,0.0,0,0,0.0,0.0,1.0
Mack Hollins,2020,1,0.007,0,1,0.08337265738837882,0.007,1.0
Mack Hollins,2021,1,0.287,0,1,0.4523615810388853,0.287,1.0
Mack Hollins,2022,7,1.343,0,2,0.5033398454324871,0.0,0.0
Mack Hollins,2024,4,1.644,0,2,0.48089915782833315,0.0,0.645
Malik Heath,2024,1,0.0,0,0,0.0,0.0,1.0
Malik Nabers,2024,12,4.223,2,6,0.705174446502424,0.0,0.03
Malik Washington,2024,3,0.0,0,0,0.0,0.0,0.0
Marcell Ateman,2018,1,0.0,0,0,0.0,0.0,1.0
Marcell Ateman,2019,1,0.0,0,0,0.0,0.0,1.0
Marcus Johnson,2019,2,1.001,1,2,0.031606961258558226,0.001,1.0
Marcus Johnson,2020,1,0.0,0,0,0.0,0.0,1.0
Marcus Johnson,2021,2,0.987,0,1,0.11327400407860577,0.0,0.987
Marcus Johnson,2022,2,0.0,0,0,0.0,0.0,0.0
Marqise Lee,2017,7,3.432,2,5,0.4993756101372994,0.0,0.999
Marquez Callaway,2021,7,2.897,2,4,0.3526910829607123,0.0,0.881
Marquez Callaway,2022,3,0.0,0,0,0.0,0.0,0.0
Marquise Brown,2019,3,1.02,1,2,0.13999999999999999,0.0,1.0
Marquise Brown,2020,8,2.896,1,5,0.705112756940335,0.0,0.164
Marquise Brown,2021,11,3.806,2,5,0.4054183024975563,0.0,0.001
Marquise Brown,2022,8,2.013,1,3,0.2298499510550307,0.0,0.0
Marquise Brown,2023,8,1.289,0,4,0.5843620453109528,0.0,0.001
Marquise Goodwin,2017,9,3.026,1,6,0.7831500494796639,0.0,0.285
Marquise Goodwin,2018,4,1.0,1,1,0.0,0.0,0.0
Marquise Goodwin,2022,4,2.0,2,2,0.0,0.0,1.0
Martavis Bryant,2017,8,1.45,0,3,0.5563272418280449,0.0,0.0
Marvin Hall,2020,2,0.998,0,1,0.044676615807377355,0.0,0.998
Marvin Jones,2017,11,6.048,5,8,0.39961981932832114,0.0,1.0
Marvin Jones,2018,4,1.002,1,2,0.044676615807377355,0.0,0.002
Marvin Jones,2019,10,3.219,3,5,0.42313000366317677,0.0,0.004
Marvin Jones,2020,9,4.01,4,5,0.099498743710662,0.0,1.0
Marvin Jones,2021,9,2.002,1,3,0.09997999799959988,0.0,0.0
Marvin Jones,2022,6,0.685,0,2,0.5077154714995398,0.0,0.0
Mason Tipton,2024,1,0.0,0,0,0.0,0.0,1.0
Maurice Harris,2018,3,1.0,1,1,0.0,0.0,1.0
Mecole Hardman,2019,2,0.003,0,1,0.054690035655501276,0.0,0.003
Mecole Hardman,2020,4,1.042,1,2,0.20058913230780973,0.0,0.042
Mecole Hardman,2021,7,0.963,0,3,0.4285218780879221,0.0,0.002
Mecole Hardman,2022,2,1.021,0,2,0.15671311368229526,0.023,0.998
Mecole Hardman,2023,1,0.127,0,1,0.3329729718760968,0.127,1.0
Michael Bandy,2022,1,0.0,0,0,0.0,0.0,1.0
Michael Campanaro,2017,2,0.0,0,0,0.0,0.0,0.0
Michael Crabtree,2017,7,2.637,1,4,0.5702902769642842,0.0,0.6
Michael Crabtree,2018,7,1.01,0,2,0.10908712114635714,0.0,0.0
Michael Gallup,2018,8,1.018,1,2,0.132951118836962,0.0,0.0
Michael Gallup,2019,9,3.681,2,6,0.7178015045958039,0.0,0.561
Michael Gallup,2020,8,1.0,1,1,0.0,0.0,0.0
Michael Gallup,2021,3,0.438,0,2,0.49815258706544935,0.0,0.437
Michael Gallup,2022,7,1.243,0,2,0.43122036130034486,0.0,0.0
Michael Gallup,2023,5,0.973,0,1,0.16208331191088116,0.0,0.0
Michael Pittman,2020,6,0.991,0,2,0.1044940189675945,0.0,0.0
Michael Pittman,2021,10,3.911,2,5,0.38089237324997727,0.0,0.031
Michael Pittman,2022,12,2.357,1,5,0.74266479652667,0.0,0.0
Michael Pittman,2023,14,4.588,2,8,0.9809464817205881,0.0,0.025
Michael Pittman,2024,11,2.072,1,5,0.7448597183362783,0.0,0.001
Michael Thomas,2017,13,5.526,3,9,0.880524843488246,0.0,0.485
Michael Thomas,2018,11,5.035,3,7,0.6525143676579083,0.0,0.828
Michael Thomas,2019,13,9.648,8,13,0.7349122396585868,0.001,1.0
Michael Thomas,2020,4,1.111,0,3,0.7271031563677881,0.0,0.308
Michael Thomas,2023,5,0.237,0,1,0.4252422838806132,0.0,0.0
Michael Wilson,2023,5,2.159,1,3,0.37645584070379357,0.0,0.996
Michael Wilson,2024,6,0.048,0,2,0.21839413911549913,0.0,0.0
Mike Evans,2017,11,4.182,2,7,0.8215083687948651,0.0,0.335
Mike Evans,2018,13,6.954,4,9,0.7667359388994363,0.0,0.972
Mike Evans,2019,8,4.104,3,6,0.5684927440170192,0.0,0.893
Mike Evans,2020,10,6.403,4,9,0.9942791358567271,0.0,0.97
Mike Evans,2021,8,5.131,3,7,0.716825641282453,0.0,0.999
Mike Evans,2022,10,2.494,1,5,0.6387205961921065,0.0,0.002
Mike Evans,2023,12,7.099,5,9,0.8917393116825119,0.0,0.965
Mike Evans,2024,10,5.652,5,8,0.5575804874634692,0.0,1.0
Mike Wallace,2017,9,2.23,1,4,0.501098792654702,0.0,0.013
Mike Williams,2017,1,0.0,0,0,0.0,0.0,1.0
Mike Williams,2018,3,1.764,1,2,0.42462218500686,0.0,1.0
Mike Williams,2019,8,1.95,1,3,0.2958039891549808,0.0,0.0
Mike Williams,2020,8,2.998,2,4,0.17319353336657808,0.0,0.014
Mike Williams,2021,8,2.0,2,2,0.0,0.0,0.0
Mike Williams,2022,8,4.087,2,5,0.5722158683573885,0.0,0.878
Mohamed Sanu,2017,9,2.894,1,4,0.3142674020639112,0.0,0.001
Mohamed Sanu,2018,9,3.965,2,5,0.1943579172557681,0.0,0.965
Mohamed Sanu,2019,8,1.554,1,3,0.6205513677367894,0.0,0.0
Mohamed Sanu,2020,1,0.0,0,0,0.0,0.0,1.0
N'Keal Harry,2021,2,0.0,0,0,0.0,0.0,0.0
Nelson Agholor,2017,9,4.269,2,6,0.6501069142841045,0.0,0.915
Nelson Agholor,2018,8,2.057,2,3,0.2318426190328258,0.0,0.0
Nelson Agholor,2019,4,0.0,0,0,0.0,0.0,0.0
Nelson Agholor,2020,7,4.0,4,4,0.0,0.0,1.0
Nelson Agholor,2021,5,1.947,0,2,0.22845349636195109,0.0,0.948
Nelson Agholor,2022,3,1.0,1,1,0.0,0.0,1.0
Nelson Agholor,2023,3,0.002,0,1,0.044676615807377355,0.0,0.002
Nelson Agholor,2024,1,0.331,0,1,0.47057305490221174,0.331,1.0
Nico Collins,2021,3,0.023,0,1,0.14990330216509573,0.0,0.023
Nico Collins,2022,6,1.323,0,3,0.5662782001807944,0.0,0.01
Nico Collins,2023,10,5.077,4,7,0.7752876885389063,0.0,0.774
Nico Collins,2024,7,4.443,3,6,0.62669849209967,0.0,1.0
Noah Brown,2020,1,0.0,0,0,0.0,0.0,1.0
Noah Brown,2021,1,0.0,0,0,0.0,0.0,1.0
Noah Brown,2022,5,1.134,1,2,0.3406523154185217,0.0,0.134
Noah Brown,2023,5,2.997,2,3,0.05469003565550128,0.0,1.0
Noah Brown,2024,5,1.003,1,2,0.05469003565550128,0.0,0.003
Odell Beckham,2017,1,0.999,0,1,0.031606961258558226,0.999,1.0
Odell Beckham,2018,8,5.693,4,7,0.6298817349312489,0.0,1.0
Odell Beckham,2019,13,2.555,1,5,0.6640594852872744,0.0,0.0
Olamide Zaccheaus,2020,1,1.0,1,1,0.0,1.0,1.0
Olamide Zaccheaus,2021,1,0.0,0,0,0.0,0.0,1.0
Olamide Zaccheaus,2022,4,1.28,0,2,0.5418486873657626,0.0,0.326
Olamide Zaccheaus,2024,5,2.0,2,2,0.0,0.0,1.0
Parker Washington,2024,4,1.0,1,1,0.0,0.0,0.0
Parris Campbell,2019,3,0.162,0,1,0.368450810828257,0.0,0.162
Parris Campbell,2021,1,0.0,0,0,0.0,0.0,1.0
Parris Campbell,2022,8,3.0,2,4,0.06324555320336758,0.0,0.002
Parris Campbell,2023,1,0.0,0,0,0.0,0.0,1.0
Paul Richardson,2017,6,1.999,1,3,0.07070360669725413,0.0,0.002
Paul Richardson,2018,4,0.152,0,1,0.35902089075707005,0.0,0.0
Paul Richardson,2019,2,0.0,0,0,0.0,0.0,0.0
Pharoh Cooper,2019,1,0.0,0,0,0.0,0.0,1.0
Phillip Dorsett,2017,1,0.0,0,0,0.0,0.0,1.0
Phillip Dorsett,2018,2,1.862,0,2,0.35630885478752844,0.866,0.996
Phillip Dorsett,2019,4,0.136,0,1,0.3427885645700568,0.0,0.0
Phillip Dorsett,2021,1,0.0,0,0,0.0,0.0,1.0
Phillip Dorsett,2022,2,0.008,0,1,0.08908422980528033,0.0,0.008
Pierre Garcon,2017,4,0.081,0,1,0.27283511504203417,0.0,0.0
Pierre Garcon,2018,4,0.924,0,1,0.2649981132008302,0.0,0.0
Preston Williams,2019,5,1.0,1,1,0.0,0.0,0.0
Preston Williams,2020,3,1.977,1,2,0.14990330216509573,0.0,1.0
Puka Nacua,2023,14,7.796,6,10,0.652980857299814,0.0,0.987
Puka Nacua,2024,8,6.143,4,8,0.7242589315983614,0.004,1.0
Quentin Johnston,2023,6,0.0,0,0,0.0,0.0,0.0
Quentin Johnston,2024,9,3.786,2,5,0.8259564153149971,0.0,0.651
Quez Watkins,2021,4,1.0,1,1,0.0,0.0,0.0
Quez Watkins,2022,5,0.636,0,1,0.481148625686492,0.0,0.0
Quez Watkins,2023,1,1.0,1,1,0.0,1.0,1.0
Quincy Enunwa,2018,4,0.001,0,1,0.031606961258558226,0.0,0.0
Randall Cobb,2017,7,1.983,1,2,0.12927103310486848,0.0,0.0
Randall Cobb,2018,6,0.445,0,1,0.49696579359147036,0.0,0.0
Randall Cobb,2019,9,2.044,2,4,0.20991426821443085,0.0,0.001
Randall Cobb,2020,4,0.197,0,1,0.3977323220458705,0.0,0.0
Randall Cobb,2021,3,2.999,2,3,0.03160696125855822,0.999,1.0
Randall Cobb,2022,2,0.527,0,2,0.5072188876609387,0.004,0.523
Rashard Higgins,2018,3,1.144,0,2,0.35392654605157825,0.0,0.999
Rashard Higgins,2020,4,3.002,2,4,0.11830469136936202,0.008,1.0
Rashard Higgins,2021,3,0.0,0,0,0.0,0.0,0.0
Rashee Rice,2023,11,4.957,3,7,0.757067368204442,0.0,0.75
Rashid Shaheed,2022,1,0.0,0,0,0.0,0.0,1.0
Rashid Shaheed,2023,6,1.999,1,2,0.031606961258558226,0.0,0.0
Rashid Shaheed,2024,3,1.022,0,3,0.15973728431396347,0.001,0.999
Rashod Bateman,2021,2,0.614,0,2,0.492954358942083,0.003,0.611
Rashod Bateman,2022,2,0.0,0,0,0.0,0.0,0.0
Rashod Bateman,2023,4,0.0,0,0,0.0,0.0,0.0
Rashod Bateman,2024,6,3.921,2,4,0.27705414633244524,0.0,0.998
Ricardo Louis,2017,5,0.007,0,1,0.08337265738837882,0.0,0.0
Richie James,2018,1,0.868,0,1,0.3384907679686405,0.868,1.0
Richie James,2020,1,0.0,0,0,0.0,0.0,1.0
Richie James,2022,4,2.079,1,3,0.4906719881957804,0.0,0.916
Ricky Pearsall,2024,2,1.999,1,2,0.03160696125855822,0.999,1.0
Rishard Matthews,2017,8,2.989,2,3,0.10430244484191155,0.0,0.0
Robert Foster,2018,4,1.977,1,3,0.196140255939468,0.0,0.969
Robert Woods,2017,9,2.404,2,5,0.5222872772718095,0.0,0.014
Robert Woods,2018,12,6.42,3,9,0.793473376995095,0.0,0.905
Robert Woods,2019,10,5.114,3,8,0.6107405341059328,0.0,0.885
Robert Woods,2020,12,4.22,3,7,0.5878775382679627,0.0,0.02
Robert Woods,2021,6,5.726,4,6,0.47002553122144336,0.737,1.0
Robert Woods,2022,9,0.52,0,1,0.49959983987187184,0.0,0.0
Robert Woods,2023,5,0.0,0,0,0.0,0.0,0.0
Robert Woods,2024,1,0.0,0,0,0.0,0.0,1.0
Roger Lewis,2017,5,0.064,0,1,0.24475293665245368,0.0,0.0
Rome Odunze,2024,10,1.47,1,2,0.49909918853871116,0.0,0.0
Romeo Doubs,2022,6,0.971,0,2,0.3164790672382614,0.0,0.0
Romeo Doubs,2023,10,2.015,0,4,0.7230318111950539,0.0,0.0
Romeo Doubs,2024,7,1.14,1,3,0.352703841770968,0.0,0.002
Rondale Moore,2021,3,0.109,0,1,0.3116392144772541,0.0,0.109
Rondale Moore,2022,3,1.133,1,2,0.33957473404244903,0.0,1.0
Rondale Moore,2023,4,0.044,0,1,0.20509509989270833,0.0,0.0
Ronnie Bell,2023,1,0.005,0,1,0.07053367989832944,0.005,1.0
Russell Gage,2019,7,0.768,0,2,0.4406540593254532,0.0,0.0
Russell Gage,2020,9,2.705,1,4,0.4753682782853732,0.0,0.001
Russell Gage,2021,5,1.902,1,3,0.30065927559282124,0.0,0.901
Russell Gage,2022,5,1.003,1,2,0.054690035655501276,0.0,0.003
Russell Shepard,2017,3,0.0,0,0,0.0,0.0,0.0
Ryan Grant,2017,5,1.371,1,2,0.4830724583331159,0.0,0.371
Ryan Grant,2018,3,0.002,0,1,0.044676615807377355,0.0,0.002
Ryan Switzer,2017,1,0.0,0,0,0.0,0.0,1.0
Ryan Switzer,2018,2,0.011,0,1,0.10430244484191156,0.0,0.011
Sammy Watkins,2017,5,1.087,0,2,0.29228581901967127,0.0,0.09
Sammy Watkins,2018,4,1.013,1,2,0.11327400407860577,0.0,0.013
Sammy Watkins,2019,6,0.002,0,1,0.044676615807377355,0.0,0.0
Sammy Watkins,2020,4,0.0,0,0,0.0,0.0,0.0
Sammy Watkins,2021,1,0.0,0,0,0.0,0.0,1.0
Sammy Watkins,2022,1,0.0,0,0,0.0,0.0,1.0
Scotty Miller,2019,1,0.025,0,1,0.15612494995995996,0.025,1.0
Scotty Miller,2020,3,2.0,2,2,0.0,0.0,1.0
Scotty Miller,2022,1,0.0,0,0,0.0,0.0,1.0
Seth Roberts,2017,7,0.0,0,0,0.0,0.0,0.0
Seth Roberts,2018,6,0.01,0,1,0.09949874371066199,0.0,0.0
Shi Smith,2021,1,0.564,0,1,0.4958870839213298,0.564,1.0
Shi Smith,2022,2,0.008,0,1,0.08908422980528034,0.0,0.008
Skyy Moore,2022,2,0.003,0,1,0.054690035655501276,0.0,0.003
Stefon Diggs,2017,10,3.166,1,5,0.828519160913011,0.0,0.029
Stefon Diggs,2018,11,6.422,4,9,0.8135822023618757,0.0,0.983
Stefon Diggs,2019,11,5.27,3,7,0.7517313349861107,0.0,0.871
Stefon Diggs,2020,12,7.503,4,10,1.0639506567505845,0.0,0.966
Stefon Diggs,2021,13,8.12,6,11,0.9631199302267606,0.0,1.0
Stefon Diggs,2022,12,8.65,6,11,0.6910137480542626,0.0,1.0
Stefon Diggs,2023,14,6.727,4,10,0.8015428871869552,0.0,0.582
Stefon Diggs,2024,5,2.073,0,4,0.39455164427486555,0.0,0.961
Sterling Shepard,2017,6,1.998,1,3,0.09997999799959989,0.0,0.004
Sterling Shepard,2018,11,2.588,2,4,0.500255934497533,0.0,0.0
Sterling Shepard,2019,7,1.797,0,3,0.6926694738473755,0.0,0.146
Sterling Shepard,2020,8,1.004,1,2,0.063118935352238,0.0,0.0
Sterling Shepard,2021,3,0.005,0,1,0.07053367989832944,0.0,0.005
Sterling Shepard,2023,1,0.0,0,0,0.0,0.0,1.0
Sterling Shepard,2024,5,0.001,0,1,0.03160696125855822,0.0,0.0
Steven Sims,2019,4,2.941,2,3,0.235624701591323,0.0,1.0
Steven Sims,2020,3,0.0,0,0,0.0,0.0,0.0
T.J. Jones,2018,1,0.0,0,0,0.0,0.0,1.0
T.Y. Hilton,2017,10,2.947,2,4,0.6451286693365906,0.0,0.0
T.Y. Hilton,2018,9,4.692,3,7,0.644310484161169,0.0,0.967
T.Y. Hilton,2019,4,0.969,0,1,0.17331762749357033,0.0,0.0
T.Y. Hilton,2020,10,3.002,3,4,0.044676615807377355,0.0,0.0
T.Y. Hilton,2021,3,0.88,0,2,0.38418745424597095,0.0,0.859
Tajae Sharpe,2018,3,1.664,0,2,0.488982617277956,0.0,0.992
Tajae Sharpe,2019,1,1.0,1,1,0.0,1.0,1.0
Tajae Sharpe,2021,2,0.0,0,0,0.0,0.0,0.0
Tank Dell,2023,4,3.848,2,4,0.3672819080760717,0.851,1.0
Tank Dell,2024,6,2.664,1,4,0.5206764830487354,0.0,0.676
Tavarres King,2017,2,0.0,0,0,0.0,0.0,0.0
Tavon Austin,2017,2,0.245,0,1,0.4300872004605578,0.0,0.245
Tavon Austin,2019,2,0.002,0,1,0.044676615807377355,0.0,0.002
Tavon Austin,2021,1,0.786,0,1,0.41012680965769605,0.786,1.0
Taylor Gabriel,2017,2,0.001,0,1,0.03160696125855822,0.0,0.001
Taylor Gabriel,2018,8,1.958,1,3,0.2103235602589496,0.0,0.0
Taylor Gabriel,2019,3,0.449,0,1,0.49739219937590495,0.0,0.449
Taywan Taylor,2018,5,0.999,0,2,0.17606532878451678,0.0,0.015
Ted Ginn Jr.,2017,6,2.865,2,4,0.3503926369089397,0.0,0.862
Ted Ginn Jr.,2018,1,0.099,0,1,0.298662016332844,0.099,1.0
Ted Ginn Jr.,2019,4,0.0,0,0,0.0,0.0,0.0
Tee Higgins,2020,11,4.44,2,6,0.5624944444170092,0.0,0.442
Tee Higgins,2021,9,3.993,3,6,0.6041117446300809,0.0,0.819
Tee Higgins,2022,11,5.809,4,8,0.8709299627409772,0.0,0.946
Tee Higgins,2023,4,2.564,2,4,0.50190038852346,0.003,1.0
Tee Higgins,2024,9,5.827,4,7,0.4184148658926927,0.0,1.0
Terrance Williams,2017,6,1.002,1,2,0.044676615807377355,0.0,0.0
Terrelle Pryor,2017,2,0.953,0,1,0.21163884331568247,0.0,0.953
Terrelle Pryor,2018,2,0.995,0,1,0.07053367989832943,0.0,0.995
Terry McLaurin,2019,8,2.959,2,4,0.38120729268994846,0.0,0.053
Terry McLaurin,2020,11,3.666,2,7,0.806501084934174,0.0,0.135
Terry McLaurin,2021,9,2.246,2,4,0.43529759935014567,0.0,0.002
Terry McLaurin,2022,13,5.406,3,7,0.5942760301408765,0.0,0.443
Terry McLaurin,2023,14,3.902,2,6,0.6529900458659381,0.0,0.0
Terry McLaurin,2024,12,8.726,6,11,0.9575614862764688,0.0,1.0
Tim Jones,2023,1,0.0,0,0,0.0,0.0,1.0
Tim Patrick,2018,4,0.969,0,2,0.1789944133206397,0.0,0.001
Tim Patrick,2019,2,0.0,0,0,0.0,0.0,0.0
Tim Patrick,2020,6,2.703,1,5,0.7488597999625831,0.0,0.605
Tim Patrick,2021,7,1.77,1,5,0.7778817390837761,0.0,0.161
Tim Patrick,2024,2,1.089,1,2,0.2847437444440176,0.089,1.0
Torrey Smith,2017,4,0.96,0,1,0.19595917942265428,0.0,0.0
Torrey Smith,2018,2,0.998,0,1,0.044676615807377355,0.0,0.998
Travis Benjamin,2017,5,2.0,2,2,0.0,0.0,1.0
Travis Fulgham,2020,4,0.989,0,2,0.157730783298632,0.0,0.007
Tre McBride,2017,1,0.0,0,0,0.0,0.0,1.0
Tre Tucker,2023,3,0.383,0,1,0.4861182983595659,0.0,0.383
Tre Tucker,2024,7,1.074,0,3,0.5064819838849156,0.0,0.003
Tre'Quan Smith,2018,2,1.0,1,1,0.0,0.0,1.0
Tre'Quan Smith,2019,1,0.987,0,1,0.11327400407860576,0.987,1.0
Tre'Quan Smith,2020,3,0.994,0,2,0.08924124606929243,0.0,0.993
Tre'Quan Smith,2021,2,0.481,0,1,0.49963886958482323,0.0,0.481
Tre'Quan Smith,2022,1,0.0,0,0,0.0,0.0,1.0
Trent Sherfield,2018,3,0.135,0,2,0.3475269773701029,0.0,0.133
Trent Sherfield,2021,1,0.0,0,0,0.0,0.0,1.0
Trent Sherfield,2022,4,1.001,1,2,0.03160696125855822,0.0,0.001
Trent Taylor,2017,5,0.877,0,1,0.3284372086107175,0.0,0.0
Trent Taylor,2018,1,0.999,0,1,0.03160696125855822,0.999,1.0
Trent Taylor,2020,1,0.0,0,0,0.0,0.0,1.0
Trenton Irwin,2023,1,0.0,0,0,0.0,0.0,1.0
Trey Palmer,2023,8,0.999,0,1,0.03160696125855822,0.0,0.0
Treylon Burks,2022,5,1.033,0,2,0.21888581498123627,0.0,0.041
Troy Franklin,2024,3,0.0,0,0,0.0,0.0,0.0
Tutu Atwell,2022,2,0.022,0,1,0.14668333238647124,0.0,0.022
Tutu Atwell,2023,3,0.002,0,1,0.044676615807377355,0.0,0.002
Tutu Atwell,2024,3,0.001,0,1,0.03160696125855822,0.0,0.001
Tyler Boyd,2017,2,1.0,1,1,0.0,0.0,1.0
Tyler Boyd,2018,9,3.581,2,6,0.6748622081580802,0.0,0.485
Tyler Boyd,2019,12,3.846,3,5,0.40284488329877044,0.0,0.0
Tyler Boyd,2020,9,2.106,1,4,0.40344020622639987,0.0,0.004
Tyler Boyd,2021,10,3.968,2,6,0.5205535515199181,0.0,0.116
Tyler Boyd,2022,9,1.185,1,4,0.4228179277183029,0.0,0.001
Tyler Boyd,2023,10,1.081,0,2,0.47795292655239596,0.0,0.0
Tyler Boyd,2024,3,0.0,0,0,0.0,0.0,0.0
Tyler Johnson,2021,5,0.0,0,0,0.0,0.0,0.0
Tyler Johnson,2024,3,0.929,0,1,0.2568248430350927,0.0,0.929
Tyler Lockett,2017,6,2.049,1,3,0.28740041753623113,0.0,0.067
Tyler Lockett,2018,6,2.14,2,3,0.34698703145794946,0.0,0.14
Tyler Lockett,2019,8,3.509,2,6,0.813584046057935,0.0,0.498
Tyler Lockett,2020,10,1.913,1,3,0.327766685311366,0.0,0.0
Tyler Lockett,2021,8,2.23,1,4,0.4279018579066934,0.0,0.002
Tyler Lockett,2022,12,5.808,2,9,1.0349570039378446,0.0,0.628
Tyler Lockett,2023,14,2.122,1,4,0.38873641455361496,0.0,0.0
Tyler Lockett,2024,4,0.914,0,2,0.29428557558942636,0.0,0.004
Tyler Scott,2023,1,0.0,0,0,0.0,0.0,1.0
Tyquan Thornton,2022,1,0.0,0,0,0.0,0.0,1.0
Tyquan Thornton,2023,2,0.0,0,0,0.0,0.0,0.0
Tyreek Hill,2017,10,3.717,2,6,0.5940631279586371,0.0,0.072
Tyreek Hill,2018,12,7.049,5,11,0.8605806179551106,0.0,0.998
Tyreek Hill,2019,8,3.431,3,6,0.6412791903687504,0.0,0.357
Tyreek Hill,2020,11,9.793,7,11,0.7564066366710436,0.145,1.0
Tyreek Hill,2021,8,4.161,2,6,0.7246233504380053,0.0,0.842
Tyreek Hill,2022,14,10.776,8,12,0.6781032369779694,0.0,1.0
Tyreek Hill,2023,14,11.276,8,14,1.0953647794228185,0.02,1.0
Tyreek Hill,2024,11,3.804,2,6,0.7833160281776442,0.0,0.166
Tyrell Williams,2017,5,1.0,1,1,0.0,0.0,0.0
Tyrell Williams,2018,4,0.002,0,1,0.044676615807377355,0.0,0.0
Tyrell Williams,2019,4,1.134,0,2,0.34647366422283815,0.0,0.136
Tyron Johnson,2020,2,2.0,2,2,0.0,1.0,1.0
Van Jefferson,2020,1,0.0,0,0,0.0,0.0,1.0
Van Jefferson,2021,3,0.475,0,2,0.5053464158376905,0.0,0.472
Van Jefferson,2022,3,0.046,0,1,0.2094850830011531,0.0,0.046
Van Jefferson,2023,3,0.0,0,0,0.0,0.0,0.0
Van Jefferson,2024,2,0.001,0,1,0.03160696125855822,0.0,0.001
Vyncint Smith,2018,1,0.0,0,0,0.0,0.0,1.0
Vyncint Smith,2019,1,0.0,0,0,0.0,0.0,1.0
Wan'Dale Robinson,2022,1,0.513,0,1,0.49983097142934235,0.513,1.0
Wan'Dale Robinson,2023,7,2.615,1,4,0.53737789310689,0.0,0.597
Wan'Dale Robinson,2024,12,1.172,0,2,0.3826434371578846,0.0,0.0
Will Fuller,2017,5,1.0,1,1,0.0,0.0,0.0
Will Fuller,2018,2,1.002,1,2,0.044676615807377355,0.002,1.0
Will Fuller,2019,5,1.997,1,2,0.054690035655501276,0.0,0.997
Will Fuller,2020,8,4.926,4,7,0.5783804975965217,0.0,1.0
Willie Snead,2018,4,0.001,0,1,0.031606961258558226,0.0,0.0
Willie Snead,2019,3,0.0,0,0,0.0,0.0,0.0
Willie Snead,2020,4,1.983,1,2,0.12927103310486848,0.0,0.983
Xavier Gipson,2023,4,0.1,0,1,0.3,0.0,0.0
Xavier Legette,2024,7,0.259,0,2,0.4710827952706403,0.0,0.0
Xavier Worthy,2024,9,3.152,2,5,0.4948696798147973,0.0,0.19
Zach Pascal,2018,4,1.0,1,1,0.0,0.0,0.0
Zach Pascal,2019,7,3.664,3,4,0.4723388614120164,0.0,1.0
Zach Pascal,2020,7,2.776,2,3,0.4169220550654522,0.0,0.776
Zach Pascal,2021,6,0.0,0,0,0.0,0.0,0.0
Zay Flowers,2023,8,3.623,2,5,0.5261853285677965,0.0,0.62
Zay Flowers,2024,10,4.523,2,7,0.8873956276655864,0.0,0.506
Zay Jones,2017,8,1.251,0,3,0.45166248460548497,0.0,0.0
Zay Jones,2018,11,4.656,4,6,0.47714148844970505,0.0,0.655
Zay Jones,2019,1,0.0,0,0,0.0,0.0,1.0
Zay Jones,2021,5,1.014,1,2,0.11749042514179613,0.0,0.014
Zay Jones,2022,11,3.001,2,4,0.05476312628037226,0.0,0.0
Zay Jones,2023,4,0.03,0,1,0.1705872210923198,0.0,0.0
Zay Jones,2024,1,0.0,0,0,0.0,0.0,1.0
